Name,Position,Date
Thom Yorke,Musician,19-08-2022 21:04:15
Corey Taylor,Musician,19-08-2022 21:05:56
Thom Yorke,Musician,19-08-2022 21:06:02
Terry Davis,Holy Programmer,19-08-2022 21:06:10
Corey Taylor,Musician,19-08-2022 21:07:02
Thom Yorke,Musician,19-08-2022 21:07:08
Terry Davis,Holy Programmer,19-08-2022 21:07:13
Corey Taylor,Musician,19-08-2022 21:16:58
Corey Taylor,Musician,19-08-2022 21:17:14
Thom Yorke,Musician,19-08-2022 21:17:20
Corey Taylor,Musician,19-08-2022 21:17:58
Thom Yorke,Musician,19-08-2022 21:18:04
Terry Davis,Holy Programmer,19-08-2022 21:18:09
Corey Taylor,Musician,19-08-2022 21:18:40
Thom Yorke,Musician,19-08-2022 21:18:46
Corey Taylor,Musician,19-08-2022 21:19:07
Thom Yorke,Musician,19-08-2022 21:19:13
Corey Taylor,Musician,19-08-2022 21:19:45
Thom Yorke,Musician,19-08-2022 21:19:51
Terry Davis,Holy Programmer,19-08-2022 21:19:57
Corey Taylor,Musician,19-08-2022 21:23:12
Thom Yorke,Musician,19-08-2022 21:23:18
Terry Davis,Holy Programmer,19-08-2022 21:23:24
Corey Taylor,Musician,19-08-2022 21:24:44
Thom Yorke,Musician,19-08-2022 21:24:51
Terry Davis,Holy Programmer,19-08-2022 21:24:57
Thom Yorke,Musician,19-08-2022 21:26:28
Corey Taylor,Musician,19-08-2022 21:26:41
Thom Yorke,Musician,19-08-2022 21:26:49
Corey Taylor,Musician,19-08-2022 21:27:00
Thom Yorke,Musician,19-08-2022 21:27:08
Terry Davis,Holy Programmer,19-08-2022 21:27:14
